{
  "shopIntegrationToken": "3036f14c-6a25-4878-811c-dcb02efce8c5",
  "coreOrgId": "???",
  "sourceService": "Business Online",
  "loggedInUser": {
    "name": "Justin Test",
    "email": "vigneshselvam@virtusa.com",
    "phoneNumber": "18009992233",
    "clientRecordDate": "2009-12-29",
    "address": {
      "lineOne": "10 Home Street",
      "city": "Jersey City",
      "state": "NJ",
      "zipCode": "07302"
    },
    "taxId": {
      "number": "939023282"
    }
  },
  "principalOwner": {
    "name": "James Test",
    "email": "ownercat@mailinator.com",
    "phoneNumber": "18009992234",
    "clientRecordDate": "2009-12-14",
    "address": {
      "lineOne": "10 Owner Home Street",
      "lineTwo": "1R",
      "city": "New York",
      "state": "NY",
      "zipCode": "10013"
    }
  },
  "business": {
    "name": "JB Cats",
    "legalName": "Zack's Cats Inc.",
    "phoneNumber": "18002921234",
    "address": {
      "lineOne": "131 Varick Street",
      "lineTwo": "PH",
      "city": "New York",
      "state": "NY",
      "zipCode": "10013"
    },
    "businessRecordDate": "1991-01-01",
    "taxId": {
      "number": "939023282"
    }
  },
  "abaNumber": "123456789",
  "bankAccounts": [{
    "name": "Business Checking",
    "number": "89023893289"
  },{
    "name": "Business Savings",
    "number": "89023893290"
  }],
  "mothersMaidenName": "Jasmin"
}