{
    "email": "vigneshselvam@virtusa.com",
    "miscInfo": "{\"utm_campaign\":\"Clover_Shop_Cart_Save\",\"leadSource\":\"Online Checkout\"}",
    "shippingAddress": {
        "country": "US",
        "address1": "171 5th Ave",
        "city": "New York", 
        "state": "NY",
        "zip": "10013"
    },
    "cartProducts": {
        "elements": [
            {
                "fdmpId": "87862",
                "contentfulEntryId": "2UAol2UJcI8a4YMWeqcMou",
                "quantity": 1
            }
        ]
    },
    "salesChannelEntryId": "1ziCtiMbFSsowi4qEaAgMu",
    "planEntryId": "2Kh2CvrAgECeAw6OO4Ywmg",
    "installmentType": "P",
    "reseller": {
        "id": "SGQ6JS76ZZJ94"	
    },
    "shopIntegrationToken": "39003f7f-25d6-4875-ade2-e9042c0ccbcd",
    "mothersMaidenName": "Carol"
}