<?xml version="1.0" encoding="UTF-8"?>
<!DOCTYPE suite SYSTEM "http://testng.org/testng-1.0.dtd">
<suite name="Suite">
	<test name="Test1">
		<classes>
			<class name="RestAssured.TestAPI.CreateGuid_PartnerClient" />
		</classes>
	</test>
	<test name="Test2">
		<classes>
			<class
				name="RestAssured.TestAPI.PushGuid_PartnerClientApplication" />
		</classes>
	</test>
	<test name="Test3">
		<classes>
			<class
				name="Selenium.TestScript.CloverShopApplication" />
		</classes>
	</test>
</suite> <!-- Suite -->
